ed_id,ed_name,county,month,employment_rate,avg_income,unemployment_rate,month_rtb,avg_monthly_rent,rent_growth_pct,rental_yield,month_tii,traffic_volume,congestion_delay_minutes,avg_speed_kph,ber_avg_score,pct_a_rated,pct_bcd_rated,est_annual_energy_cost,ed_type
CAR_borris,Borris,Carlow,2024-12-01,0.6347,29376.0,0.3653,2024-12-01,827.0,0.08,5.76,2024-12-01,7000.0,2.3,50.0,4.8,15.0,60.0,2800,rural
CAR_carlow_rural,Carlow Rural,Carlow,2024-12-01,0.6962,40392.0,0.3038,2024-12-01,1299.0,0.08,5.05,2024-12-01,16800.0,5.6,50.0,3.8,15.0,60.0,2800,suburban
CAR_carlow_urban,Carlow Urban,Carlow,2024-12-01,0.7166,44064.0,0.2834,2024-12-01,1535.0,0.08,4.69,2024-12-01,19600.0,6.5,50.0,3.4,15.0,60.0,2800,urban_core
CAR_hacketstown,Hacketstown,Carlow,2024-12-01,0.662,33048.0,0.338,2024-12-01,1004.0,0.08,5.49,2024-12-01,11200.0,3.7,50.0,4.4,15.0,60.0,2800,village
CAR_leighlinbridge,Leighlinbridge,Carlow,2024-12-01,0.6347,29376.0,0.3653,2024-12-01,827.0,0.08,5.76,2024-12-01,7000.0,2.3,50.0,4.8,15.0,60.0,2800,rural
CAR_muine_bheag_bagenalstown,Muine Bheag (Bagenalstown),Carlow,2024-12-01,0.662,33048.0,0.338,2024-12-01,1004.0,0.08,5.49,2024-12-01,11200.0,3.7,50.0,4.4,15.0,60.0,2800,village
CAR_myshall,Myshall,Carlow,2024-12-01,0.6347,29376.0,0.3653,2024-12-01,827.0,0.08,5.76,2024-12-01,7000.0,2.3,50.0,4.8,15.0,60.0,2800,rural
CAR_tullow,Tullow,Carlow,2024-12-01,0.6825,36720.0,0.3175,2024-12-01,1181.0,0.08,5.23,2024-12-01,14000.0,4.7,50.0,4.0,15.0,60.0,2800,town
CAV_bailieborough,Bailieborough,Cavan,2024-12-01,0.651,34560.0,0.349,2024-12-01,932.0,0.08,5.6,2024-12-01,12000.0,4.0,50.0,4.3,15.0,60.0,3100,town
CAV_ballyconnell,Ballyconnell,Cavan,2024-12-01,0.6054,27648.0,0.3946,2024-12-01,653.0,0.08,6.02,2024-12-01,6000.0,2.0,50.0,5.16,15.0,60.0,3100,rural
CAV_ballyjamesduff,Ballyjamesduff,Cavan,2024-12-01,0.6054,27648.0,0.3946,2024-12-01,653.0,0.08,6.02,2024-12-01,6000.0,2.0,50.0,5.16,15.0,60.0,3100,rural
CAV_belturbet,Belturbet,Cavan,2024-12-01,0.6315,31104.0,0.3685,2024-12-01,793.0,0.08,5.81,2024-12-01,9600.0,3.2,50.0,4.73,15.0,60.0,3100,village
CAV_cavan_urban,Cavan Urban,Cavan,2024-12-01,0.6836,41472.0,0.3164,2024-12-01,1212.0,0.08,5.18,2024-12-01,16800.0,5.6,50.0,3.65,15.0,60.0,3100,urban_core
CAV_cootehill,Cootehill,Cavan,2024-12-01,0.6315,31104.0,0.3685,2024-12-01,793.0,0.08,5.81,2024-12-01,9600.0,3.2,50.0,4.73,15.0,60.0,3100,village
CAV_kingscourt,Kingscourt,Cavan,2024-12-01,0.6315,31104.0,0.3685,2024-12-01,793.0,0.08,5.81,2024-12-01,9600.0,3.2,50.0,4.73,15.0,60.0,3100,village
CAV_virginia,Virginia,Cavan,2024-12-01,0.651,34560.0,0.349,2024-12-01,932.0,0.08,5.6,2024-12-01,12000.0,4.0,50.0,4.3,15.0,60.0,3100,town
CLA_ennis_urban,Ennis Urban,Clare,2024-12-01,0.7387,47952.0,0.2613,2024-12-01,1535.0,0.08,4.69,2024-12-01,28000.0,9.3,50.0,3.31,15.0,60.0,2700,urban_core
CLA_ennistymon,Ennistymon,Clare,2024-12-01,0.6824,35964.0,0.3176,2024-12-01,1004.0,0.08,5.49,2024-12-01,16000.0,5.3,50.0,4.29,15.0,60.0,2700,village
CLA_kilkee,Kilkee,Clare,2024-12-01,0.6824,35964.0,0.3176,2024-12-01,1004.0,0.08,5.49,2024-12-01,16000.0,5.3,50.0,4.29,15.0,60.0,2700,village
CLA_kilrush_urban,Kilrush Urban,Clare,2024-12-01,0.7035,39960.0,0.2965,2024-12-01,1181.0,0.08,5.23,2024-12-01,20000.0,6.7,50.0,3.9,15.0,60.0,2700,town
CLA_lisdoonvarna,Lisdoonvarna,Clare,2024-12-01,0.6543,31968.0,0.3457,2024-12-01,827.0,0.08,5.76,2024-12-01,10000.0,3.3,50.0,4.68,15.0,60.0,2700,rural
CLA_miltown_malbay,Miltown Malbay,Clare,2024-12-01,0.6543,31968.0,0.3457,2024-12-01,827.0,0.08,5.76,2024-12-01,10000.0,3.3,50.0,4.68,15.0,60.0,2700,rural
CLA_newmarket_on_fergus,Newmarket-on-Fergus,Clare,2024-12-01,0.7035,39960.0,0.2965,2024-12-01,1181.0,0.08,5.23,2024-12-01,20000.0,6.7,50.0,3.9,15.0,60.0,2700,town
CLA_scarriff,Scarriff,Clare,2024-12-01,0.6543,31968.0,0.3457,2024-12-01,827.0,0.08,5.76,2024-12-01,10000.0,3.3,50.0,4.68,15.0,60.0,2700,rural
CLA_shannon,Shannon,Clare,2024-12-01,0.7176,43956.0,0.2824,2024-12-01,1299.0,0.08,5.05,2024-12-01,24000.0,8.0,50.0,3.7,15.0,60.0,2700,suburban
CLA_sixmilebridge,Sixmilebridge,Clare,2024-12-01,0.6824,35964.0,0.3176,2024-12-01,1004.0,0.08,5.49,2024-12-01,16000.0,5.3,50.0,4.29,15.0,60.0,2700,village
COR_ballincollig,Ballincollig,Cork,2024-12-01,0.7711,53460.0,0.2289,2024-12-01,2051.0,0.08,3.92,2024-12-01,54000.0,18.0,50.0,3.32,15.0,60.0,2300,suburban
COR_bandon,Bandon,Cork,2024-12-01,0.7333,43740.0,0.2667,2024-12-01,1585.0,0.08,4.62,2024-12-01,36000.0,12.0,50.0,3.85,15.0,60.0,2300,village
COR_bantry,Bantry,Cork,2024-12-01,0.7031,38880.0,0.2969,2024-12-01,1305.0,0.08,5.04,2024-12-01,22500.0,7.5,50.0,4.2,15.0,60.0,2300,rural
COR_blackrock_cork,Blackrock (Cork),Cork,2024-12-01,0.7711,53460.0,0.2289,2024-12-01,2051.0,0.08,3.92,2024-12-01,54000.0,18.0,50.0,3.32,15.0,60.0,2300,suburban
COR_carrigaline,Carrigaline,Cork,2024-12-01,0.756,48600.0,0.244,2024-12-01,1865.0,0.08,4.2,2024-12-01,45000.0,15.0,50.0,3.5,15.0,60.0,2300,town
COR_cobh_urban,Cobh Urban,Cork,2024-12-01,0.756,48600.0,0.244,2024-12-01,1865.0,0.08,4.2,2024-12-01,45000.0,15.0,50.0,3.5,15.0,60.0,2300,town
COR_cork_city_north_central,Cork City North Central,Cork,2024-12-01,0.7938,58320.0,0.2062,2024-12-01,2424.0,0.08,3.36,2024-12-01,63000.0,21.0,50.0,2.98,15.0,60.0,2300,urban_core
COR_cork_city_south_central,Cork City South Central,Cork,2024-12-01,0.7938,58320.0,0.2062,2024-12-01,2424.0,0.08,3.36,2024-12-01,63000.0,21.0,50.0,2.98,15.0,60.0,2300,urban_core
COR_douglas,Douglas,Cork,2024-12-01,0.7711,53460.0,0.2289,2024-12-01,2051.0,0.08,3.92,2024-12-01,54000.0,18.0,50.0,3.32,15.0,60.0,2300,suburban
COR_fermoy_urban,Fermoy Urban,Cork,2024-12-01,0.756,48600.0,0.244,2024-12-01,1865.0,0.08,4.2,2024-12-01,45000.0,15.0,50.0,3.5,15.0,60.0,2300,town
COR_kinsale,Kinsale,Cork,2024-12-01,0.7333,43740.0,0.2667,2024-12-01,1585.0,0.08,4.62,2024-12-01,36000.0,12.0,50.0,3.85,15.0,60.0,2300,village
COR_mallow_urban,Mallow Urban,Cork,2024-12-01,0.756,48600.0,0.244,2024-12-01,1865.0,0.08,4.2,2024-12-01,45000.0,15.0,50.0,3.5,15.0,60.0,2300,town
COR_midleton,Midleton,Cork,2024-12-01,0.756,48600.0,0.244,2024-12-01,1865.0,0.08,4.2,2024-12-01,45000.0,15.0,50.0,3.5,15.0,60.0,2300,town
COR_skibbereen,Skibbereen,Cork,2024-12-01,0.7031,38880.0,0.2969,2024-12-01,1305.0,0.08,5.04,2024-12-01,22500.0,7.5,50.0,4.2,15.0,60.0,2300,rural
DON_ballybofey,Ballybofey,Donegal,2024-12-01,0.6111,30132.0,0.3889,2024-12-01,740.0,0.08,5.89,2024-12-01,8800.0,2.9,50.0,4.84,15.0,60.0,3200,village
DON_buncrana,Buncrana,Donegal,2024-12-01,0.63,33480.0,0.37,2024-12-01,870.0,0.08,5.69,2024-12-01,11000.0,3.7,50.0,4.4,15.0,60.0,3200,town
DON_bundoran,Bundoran,Donegal,2024-12-01,0.63,33480.0,0.37,2024-12-01,870.0,0.08,5.69,2024-12-01,11000.0,3.7,50.0,4.4,15.0,60.0,3200,town
DON_carndonagh,Carndonagh,Donegal,2024-12-01,0.6111,30132.0,0.3889,2024-12-01,740.0,0.08,5.89,2024-12-01,8800.0,2.9,50.0,4.84,15.0,60.0,3200,village
DON_donegal_urban,Donegal Urban,Donegal,2024-12-01,0.63,33480.0,0.37,2024-12-01,870.0,0.08,5.69,2024-12-01,11000.0,3.7,50.0,4.4,15.0,60.0,3200,town
DON_dungloe,Dungloe,Donegal,2024-12-01,0.5859,26784.0,0.4141,2024-12-01,609.0,0.08,6.09,2024-12-01,5500.0,1.8,50.0,5.28,15.0,60.0,3200,rural
DON_falcarragh,Falcarragh,Donegal,2024-12-01,0.5859,26784.0,0.4141,2024-12-01,609.0,0.08,6.09,2024-12-01,5500.0,1.8,50.0,5.28,15.0,60.0,3200,rural
DON_glenties,Glenties,Donegal,2024-12-01,0.5859,26784.0,0.4141,2024-12-01,609.0,0.08,6.09,2024-12-01,5500.0,1.8,50.0,5.28,15.0,60.0,3200,rural
DON_letterkenny,Letterkenny,Donegal,2024-12-01,0.6615,40176.0,0.3385,2024-12-01,1131.0,0.08,5.3,2024-12-01,15400.0,5.1,50.0,3.74,15.0,60.0,3200,urban_core
DON_milford,Milford,Donegal,2024-12-01,0.6111,30132.0,0.3889,2024-12-01,740.0,0.08,5.89,2024-12-01,8800.0,2.9,50.0,4.84,15.0,60.0,3200,village
DUB_ballsbridge,Ballsbridge,Dublin,2024-12-01,0.8379,71280.0,0.1621,2024-12-01,3394.0,0.08,2.0,2024-12-01,119000.0,39.7,50.0,2.72,15.0,60.0,2100,urban_core
DUB_blackrock_carysfort,Blackrock-Carysfort,Dublin,2024-12-01,0.8379,71280.0,0.1621,2024-12-01,3394.0,0.08,2.0,2024-12-01,119000.0,39.7,50.0,2.72,15.0,60.0,2100,urban_core
DUB_blanchardstown_blakestown,Blanchardstown-Blakestown,Dublin,2024-12-01,0.814,65340.0,0.186,2024-12-01,2872.0,0.08,2.69,2024-12-01,102000.0,34.0,50.0,3.04,15.0,60.0,2100,suburban
DUB_cabra_east_a,Cabra East A,Dublin,2024-12-01,0.814,65340.0,0.186,2024-12-01,2872.0,0.08,2.69,2024-12-01,102000.0,34.0,50.0,3.04,15.0,60.0,2100,suburban
DUB_clontarf_east_a,Clontarf East A,Dublin,2024-12-01,0.814,65340.0,0.186,2024-12-01,2872.0,0.08,2.69,2024-12-01,102000.0,34.0,50.0,3.04,15.0,60.0,2100,suburban
DUB_dalkey,Dalkey,Dublin,2024-12-01,0.814,65340.0,0.186,2024-12-01,2872.0,0.08,2.69,2024-12-01,102000.0,34.0,50.0,3.04,15.0,60.0,2100,suburban
DUB_drumcondra_south_a,Drumcondra South A,Dublin,2024-12-01,0.8379,71280.0,0.1621,2024-12-01,3394.0,0.08,2.0,2024-12-01,119000.0,39.7,50.0,2.72,15.0,60.0,2100,urban_core
DUB_finglas_south_a,Finglas South A,Dublin,2024-12-01,0.814,65340.0,0.186,2024-12-01,2872.0,0.08,2.69,2024-12-01,102000.0,34.0,50.0,3.04,15.0,60.0,2100,suburban
DUB_howth,Howth,Dublin,2024-12-01,0.814,65340.0,0.186,2024-12-01,2872.0,0.08,2.69,2024-12-01,102000.0,34.0,50.0,3.04,15.0,60.0,2100,suburban
DUB_lucan_esker,Lucan-Esker,Dublin,2024-12-01,0.814,65340.0,0.186,2024-12-01,2872.0,0.08,2.69,2024-12-01,102000.0,34.0,50.0,3.04,15.0,60.0,2100,suburban
DUB_pembroke_east_a,Pembroke East A,Dublin,2024-12-01,0.8379,71280.0,0.1621,2024-12-01,3394.0,0.08,2.0,2024-12-01,119000.0,39.7,50.0,2.72,15.0,60.0,2100,urban_core
DUB_rathmines_east_a,Rathmines East A,Dublin,2024-12-01,0.8379,71280.0,0.1621,2024-12-01,3394.0,0.08,2.0,2024-12-01,119000.0,39.7,50.0,2.72,15.0,60.0,2100,urban_core
DUB_rathmines_west_c,Rathmines West C,Dublin,2024-12-01,0.8379,71280.0,0.1621,2024-12-01,3394.0,0.08,2.0,2024-12-01,119000.0,39.7,50.0,2.72,15.0,60.0,2100,urban_core
DUB_swords_forrest,Swords-Forrest,Dublin,2024-12-01,0.798,59400.0,0.202,2024-12-01,2611.0,0.08,3.08,2024-12-01,85000.0,28.3,50.0,3.2,15.0,60.0,2100,town
DUB_tallaght_fettercairn,Tallaght-Fettercairn,Dublin,2024-12-01,0.814,65340.0,0.186,2024-12-01,2872.0,0.08,2.69,2024-12-01,102000.0,34.0,50.0,3.04,15.0,60.0,2100,suburban
GAL_athenry,Athenry,Galway,2024-12-01,0.7231,40824.0,0.2769,2024-12-01,1427.0,0.08,4.86,2024-12-01,24000.0,8.0,50.0,3.96,15.0,60.0,2400,village
GAL_ballinasloe_urban,Ballinasloe Urban,Galway,2024-12-01,0.7455,45360.0,0.2545,2024-12-01,1678.0,0.08,4.48,2024-12-01,30000.0,10.0,50.0,3.6,15.0,60.0,2400,town
GAL_clifden,Clifden,Galway,2024-12-01,0.7231,40824.0,0.2769,2024-12-01,1427.0,0.08,4.86,2024-12-01,24000.0,8.0,50.0,3.96,15.0,60.0,2400,village
GAL_galway_city_east,Galway City East,Galway,2024-12-01,0.7828,54432.0,0.2172,2024-12-01,2182.0,0.08,3.72,2024-12-01,42000.0,14.0,50.0,3.06,15.0,60.0,2400,urban_core
GAL_galway_city_west,Galway City West,Galway,2024-12-01,0.7828,54432.0,0.2172,2024-12-01,2182.0,0.08,3.72,2024-12-01,42000.0,14.0,50.0,3.06,15.0,60.0,2400,urban_core
GAL_knocknacarra,Knocknacarra,Galway,2024-12-01,0.7604,49896.0,0.2396,2024-12-01,1846.0,0.08,4.23,2024-12-01,36000.0,12.0,50.0,3.42,15.0,60.0,2400,suburban
GAL_loughrea,Loughrea,Galway,2024-12-01,0.7455,45360.0,0.2545,2024-12-01,1678.0,0.08,4.48,2024-12-01,30000.0,10.0,50.0,3.6,15.0,60.0,2400,town
GAL_oranmore,Oranmore,Galway,2024-12-01,0.7455,45360.0,0.2545,2024-12-01,1678.0,0.08,4.48,2024-12-01,30000.0,10.0,50.0,3.6,15.0,60.0,2400,town
GAL_oughterard,Oughterard,Galway,2024-12-01,0.6933,36288.0,0.3067,2024-12-01,1175.0,0.08,5.24,2024-12-01,15000.0,5.0,50.0,4.32,15.0,60.0,2400,rural
GAL_salthill,Salthill,Galway,2024-12-01,0.7604,49896.0,0.2396,2024-12-01,1846.0,0.08,4.23,2024-12-01,36000.0,12.0,50.0,3.42,15.0,60.0,2400,suburban
GAL_spiddal,Spiddal,Galway,2024-12-01,0.6933,36288.0,0.3067,2024-12-01,1175.0,0.08,5.24,2024-12-01,15000.0,5.0,50.0,4.32,15.0,60.0,2400,rural
GAL_tuam_urban,Tuam Urban,Galway,2024-12-01,0.7455,45360.0,0.2545,2024-12-01,1678.0,0.08,4.48,2024-12-01,30000.0,10.0,50.0,3.6,15.0,60.0,2400,town
KER_cahirciveen,Cahirciveen,Kerry,2024-12-01,0.6722,34992.0,0.3278,2024-12-01,1057.0,0.08,5.41,2024-12-01,14400.0,4.8,50.0,4.4,15.0,60.0,2800,village
KER_castleisland,Castleisland,Kerry,2024-12-01,0.693,38880.0,0.307,2024-12-01,1243.0,0.08,5.13,2024-12-01,18000.0,6.0,50.0,4.0,15.0,60.0,2800,town
KER_dingle,Dingle,Kerry,2024-12-01,0.693,38880.0,0.307,2024-12-01,1243.0,0.08,5.13,2024-12-01,18000.0,6.0,50.0,4.0,15.0,60.0,2800,town
KER_kenmare,Kenmare,Kerry,2024-12-01,0.6722,34992.0,0.3278,2024-12-01,1057.0,0.08,5.41,2024-12-01,14400.0,4.8,50.0,4.4,15.0,60.0,2800,village
KER_killarney_urban,Killarney Urban,Kerry,2024-12-01,0.7277,46656.0,0.2723,2024-12-01,1616.0,0.08,4.57,2024-12-01,25200.0,8.4,50.0,3.4,15.0,60.0,2800,urban_core
KER_killorglin,Killorglin,Kerry,2024-12-01,0.6722,34992.0,0.3278,2024-12-01,1057.0,0.08,5.41,2024-12-01,14400.0,4.8,50.0,4.4,15.0,60.0,2800,village
KER_listowel_urban,Listowel Urban,Kerry,2024-12-01,0.693,38880.0,0.307,2024-12-01,1243.0,0.08,5.13,2024-12-01,18000.0,6.0,50.0,4.0,15.0,60.0,2800,town
KER_sneem,Sneem,Kerry,2024-12-01,0.6445,31104.0,0.3555,2024-12-01,870.0,0.08,5.69,2024-12-01,9000.0,3.0,50.0,4.8,15.0,60.0,2800,rural
KER_tralee_urban,Tralee Urban,Kerry,2024-12-01,0.7277,46656.0,0.2723,2024-12-01,1616.0,0.08,4.57,2024-12-01,25200.0,8.4,50.0,3.4,15.0,60.0,2800,urban_core
KER_waterville,Waterville,Kerry,2024-12-01,0.6445,31104.0,0.3555,2024-12-01,870.0,0.08,5.69,2024-12-01,9000.0,3.0,50.0,4.8,15.0,60.0,2800,rural
KIL_athy_urban,Athy Urban,Kildare,2024-12-01,0.777,50760.0,0.223,2024-12-01,1678.0,0.08,4.48,2024-12-01,38000.0,12.7,50.0,3.2,15.0,60.0,2100,town
KIL_callan,Callan,Kilkenny,2024-12-01,0.6824,34992.0,0.3176,2024-12-01,1004.0,0.08,5.49,2024-12-01,13600.0,4.5,50.0,4.29,15.0,60.0,2700,village
KIL_castlecomer,Castlecomer,Kilkenny,2024-12-01,0.7035,38880.0,0.2965,2024-12-01,1181.0,0.08,5.23,2024-12-01,17000.0,5.7,50.0,3.9,15.0,60.0,2700,town
KIL_celbridge,Celbridge,Kildare,2024-12-01,0.7925,55836.0,0.2075,2024-12-01,1846.0,0.08,4.23,2024-12-01,45600.0,15.2,50.0,3.04,15.0,60.0,2100,suburban
KIL_clane,Clane,Kildare,2024-12-01,0.777,50760.0,0.223,2024-12-01,1678.0,0.08,4.48,2024-12-01,38000.0,12.7,50.0,3.2,15.0,60.0,2100,town
KIL_freshford,Freshford,Kilkenny,2024-12-01,0.6543,31104.0,0.3457,2024-12-01,827.0,0.08,5.76,2024-12-01,8500.0,2.8,50.0,4.68,15.0,60.0,2700,rural
KIL_graiguenamanagh,Graiguenamanagh,Kilkenny,2024-12-01,0.6824,34992.0,0.3176,2024-12-01,1004.0,0.08,5.49,2024-12-01,13600.0,4.5,50.0,4.29,15.0,60.0,2700,village
KIL_kilcullen,Kilcullen,Kildare,2024-12-01,0.7537,45684.0,0.2463,2024-12-01,1427.0,0.08,4.86,2024-12-01,30400.0,10.1,50.0,3.52,15.0,60.0,2100,village
KIL_kildare_urban,Kildare Urban,Kildare,2024-12-01,0.777,50760.0,0.223,2024-12-01,1678.0,0.08,4.48,2024-12-01,38000.0,12.7,50.0,3.2,15.0,60.0,2100,town
KIL_kilkenny_no_1_urban,Kilkenny No. 1 Urban,Kilkenny,2024-12-01,0.7387,46656.0,0.2613,2024-12-01,1535.0,0.08,4.69,2024-12-01,23800.0,7.9,50.0,3.31,15.0,60.0,2700,urban_core
KIL_kilkenny_no_2_urban,Kilkenny No. 2 Urban,Kilkenny,2024-12-01,0.7387,46656.0,0.2613,2024-12-01,1535.0,0.08,4.69,2024-12-01,23800.0,7.9,50.0,3.31,15.0,60.0,2700,urban_core
KIL_leixlip,Leixlip,Kildare,2024-12-01,0.7925,55836.0,0.2075,2024-12-01,1846.0,0.08,4.23,2024-12-01,45600.0,15.2,50.0,3.04,15.0,60.0,2100,suburban
KIL_maynooth,Maynooth,Kildare,2024-12-01,0.7925,55836.0,0.2075,2024-12-01,1846.0,0.08,4.23,2024-12-01,45600.0,15.2,50.0,3.04,15.0,60.0,2100,suburban
KIL_monasterevin,Monasterevin,Kildare,2024-12-01,0.7537,45684.0,0.2463,2024-12-01,1427.0,0.08,4.86,2024-12-01,30400.0,10.1,50.0,3.52,15.0,60.0,2100,village
KIL_naas_urban,Naas Urban,Kildare,2024-12-01,0.8159,60912.0,0.1841,2024-12-01,2182.0,0.08,3.72,2024-12-01,53200.0,17.7,50.0,2.72,15.0,60.0,2100,urban_core
KIL_newbridge,Newbridge,Kildare,2024-12-01,0.7925,55836.0,0.2075,2024-12-01,1846.0,0.08,4.23,2024-12-01,45600.0,15.2,50.0,3.04,15.0,60.0,2100,suburban
KIL_piltown,Piltown,Kilkenny,2024-12-01,0.6543,31104.0,0.3457,2024-12-01,827.0,0.08,5.76,2024-12-01,8500.0,2.8,50.0,4.68,15.0,60.0,2700,rural
KIL_thomastown,Thomastown,Kilkenny,2024-12-01,0.6824,34992.0,0.3176,2024-12-01,1004.0,0.08,5.49,2024-12-01,13600.0,4.5,50.0,4.29,15.0,60.0,2700,village
KIL_urlingford,Urlingford,Kilkenny,2024-12-01,0.6543,31104.0,0.3457,2024-12-01,827.0,0.08,5.76,2024-12-01,8500.0,2.8,50.0,4.68,15.0,60.0,2700,rural
LAO_abbeyleix,Abbeyleix,Laois,2024-12-01,0.6518,33048.0,0.3482,2024-12-01,898.0,0.08,5.65,2024-12-01,12000.0,4.0,50.0,4.51,15.0,60.0,2900,village
LAO_ballinakill,Ballinakill,Laois,2024-12-01,0.625,29376.0,0.375,2024-12-01,740.0,0.08,5.89,2024-12-01,7500.0,2.5,50.0,4.92,15.0,60.0,2900,rural
LAO_durrow,Durrow,Laois,2024-12-01,0.6518,33048.0,0.3482,2024-12-01,898.0,0.08,5.65,2024-12-01,12000.0,4.0,50.0,4.51,15.0,60.0,2900,village
LAO_mountmellick,Mountmellick,Laois,2024-12-01,0.672,36720.0,0.328,2024-12-01,1057.0,0.08,5.41,2024-12-01,15000.0,5.0,50.0,4.1,15.0,60.0,2900,town
LAO_mountrath,Mountrath,Laois,2024-12-01,0.6518,33048.0,0.3482,2024-12-01,898.0,0.08,5.65,2024-12-01,12000.0,4.0,50.0,4.51,15.0,60.0,2900,village
LAO_portarlington,Portarlington,Laois,2024-12-01,0.672,36720.0,0.328,2024-12-01,1057.0,0.08,5.41,2024-12-01,15000.0,5.0,50.0,4.1,15.0,60.0,2900,town
LAO_portlaoise_urban,Portlaoise Urban,Laois,2024-12-01,0.7056,44064.0,0.2944,2024-12-01,1374.0,0.08,4.94,2024-12-01,21000.0,7.0,50.0,3.48,15.0,60.0,2900,urban_core
LAO_rathdowney,Rathdowney,Laois,2024-12-01,0.625,29376.0,0.375,2024-12-01,740.0,0.08,5.89,2024-12-01,7500.0,2.5,50.0,4.92,15.0,60.0,2900,rural
LAO_stradbally,Stradbally,Laois,2024-12-01,0.625,29376.0,0.375,2024-12-01,740.0,0.08,5.89,2024-12-01,7500.0,2.5,50.0,4.92,15.0,60.0,2900,rural
LEI_ballinamore,Ballinamore,Leitrim,2024-12-01,0.6111,29160.0,0.3889,2024-12-01,687.0,0.08,5.97,2024-12-01,6400.0,2.1,50.0,4.95,15.0,60.0,3300,village
LEI_carrick_on_shannon,Carrick-on-Shannon,Leitrim,2024-12-01,0.6615,38880.0,0.3385,2024-12-01,1051.0,0.08,5.42,2024-12-01,11200.0,3.7,50.0,3.82,15.0,60.0,3300,urban_core
LEI_dromahair,Dromahair,Leitrim,2024-12-01,0.5859,25920.0,0.4141,2024-12-01,566.0,0.08,6.15,2024-12-01,4000.0,1.3,50.0,5.4,15.0,60.0,3300,rural
LEI_drumkeerin,Drumkeerin,Leitrim,2024-12-01,0.5859,25920.0,0.4141,2024-12-01,566.0,0.08,6.15,2024-12-01,4000.0,1.3,50.0,5.4,15.0,60.0,3300,rural
LEI_drumshanbo,Drumshanbo,Leitrim,2024-12-01,0.6111,29160.0,0.3889,2024-12-01,687.0,0.08,5.97,2024-12-01,6400.0,2.1,50.0,4.95,15.0,60.0,3300,village
LEI_kinlough,Kinlough,Leitrim,2024-12-01,0.5859,25920.0,0.4141,2024-12-01,566.0,0.08,6.15,2024-12-01,4000.0,1.3,50.0,5.4,15.0,60.0,3300,rural
LEI_manorhamilton,Manorhamilton,Leitrim,2024-12-01,0.63,32400.0,0.37,2024-12-01,808.0,0.08,5.79,2024-12-01,8000.0,2.7,50.0,4.5,15.0,60.0,3300,town
LEI_mohill,Mohill,Leitrim,2024-12-01,0.6111,29160.0,0.3889,2024-12-01,687.0,0.08,5.97,2024-12-01,6400.0,2.1,50.0,4.95,15.0,60.0,3300,village
LIM_abbeyfeale,Abbeyfeale,Limerick,2024-12-01,0.7129,38880.0,0.2871,2024-12-01,1268.0,0.08,5.1,2024-12-01,22400.0,7.5,50.0,4.07,15.0,60.0,2500,village
LIM_adare,Adare,Limerick,2024-12-01,0.735,43200.0,0.265,2024-12-01,1492.0,0.08,4.76,2024-12-01,28000.0,9.3,50.0,3.7,15.0,60.0,2500,town
LIM_askeaton,Askeaton,Limerick,2024-12-01,0.6835,34560.0,0.3165,2024-12-01,1044.0,0.08,5.43,2024-12-01,14000.0,4.7,50.0,4.44,15.0,60.0,2500,rural
LIM_bruff,Bruff,Limerick,2024-12-01,0.6835,34560.0,0.3165,2024-12-01,1044.0,0.08,5.43,2024-12-01,14000.0,4.7,50.0,4.44,15.0,60.0,2500,rural
LIM_castletroy,Castletroy,Limerick,2024-12-01,0.7497,47520.0,0.2503,2024-12-01,1641.0,0.08,4.54,2024-12-01,33600.0,11.2,50.0,3.52,15.0,60.0,2500,suburban
LIM_dooradoyle,Dooradoyle,Limerick,2024-12-01,0.7497,47520.0,0.2503,2024-12-01,1641.0,0.08,4.54,2024-12-01,33600.0,11.2,50.0,3.52,15.0,60.0,2500,suburban
LIM_kilmallock,Kilmallock,Limerick,2024-12-01,0.7129,38880.0,0.2871,2024-12-01,1268.0,0.08,5.1,2024-12-01,22400.0,7.5,50.0,4.07,15.0,60.0,2500,village
LIM_limerick_city_east,Limerick City East,Limerick,2024-12-01,0.7718,51840.0,0.2282,2024-12-01,1939.0,0.08,4.09,2024-12-01,39200.0,13.1,50.0,3.15,15.0,60.0,2500,urban_core
LIM_limerick_city_west,Limerick City West,Limerick,2024-12-01,0.7718,51840.0,0.2282,2024-12-01,1939.0,0.08,4.09,2024-12-01,39200.0,13.1,50.0,3.15,15.0,60.0,2500,urban_core
LIM_newcastle_west,Newcastle West,Limerick,2024-12-01,0.735,43200.0,0.265,2024-12-01,1492.0,0.08,4.76,2024-12-01,28000.0,9.3,50.0,3.7,15.0,60.0,2500,town
LIM_raheen,Raheen,Limerick,2024-12-01,0.7497,47520.0,0.2503,2024-12-01,1641.0,0.08,4.54,2024-12-01,33600.0,11.2,50.0,3.52,15.0,60.0,2500,suburban
LON_ballymahon,Ballymahon,Longford,2024-12-01,0.6213,30132.0,0.3787,2024-12-01,793.0,0.08,5.81,2024-12-01,8000.0,2.7,50.0,4.73,15.0,60.0,3100,village
LON_drumlish,Drumlish,Longford,2024-12-01,0.5957,26784.0,0.4043,2024-12-01,653.0,0.08,6.02,2024-12-01,5000.0,1.7,50.0,5.16,15.0,60.0,3100,rural
LON_edgeworthstown,Edgeworthstown,Longford,2024-12-01,0.6405,33480.0,0.3595,2024-12-01,932.0,0.08,5.6,2024-12-01,10000.0,3.3,50.0,4.3,15.0,60.0,3100,town
LON_granard,Granard,Longford,2024-12-01,0.6213,30132.0,0.3787,2024-12-01,793.0,0.08,5.81,2024-12-01,8000.0,2.7,50.0,4.73,15.0,60.0,3100,village
LON_lanesborough,Lanesborough,Longford,2024-12-01,0.6213,30132.0,0.3787,2024-12-01,793.0,0.08,5.81,2024-12-01,8000.0,2.7,50.0,4.73,15.0,60.0,3100,village
LON_longford_rural,Longford Rural,Longford,2024-12-01,0.6533,36828.0,0.3467,2024-12-01,1026.0,0.08,5.46,2024-12-01,12000.0,4.0,50.0,4.08,15.0,60.0,3100,suburban
LON_longford_urban,Longford Urban,Longford,2024-12-01,0.6725,40176.0,0.3275,2024-12-01,1212.0,0.08,5.18,2024-12-01,14000.0,4.7,50.0,3.65,15.0,60.0,3100,urban_core
LON_newtownforbes,Newtownforbes,Longford,2024-12-01,0.5957,26784.0,0.4043,2024-12-01,653.0,0.08,6.02,2024-12-01,5000.0,1.7,50.0,5.16,15.0,60.0,3100,rural
LOU_ardee,Ardee,Louth,2024-12-01,0.7245,42120.0,0.2755,2024-12-01,1492.0,0.08,4.76,2024-12-01,25000.0,8.3,50.0,3.6,15.0,60.0,2500,town
LOU_blackrock_louth,Blackrock (Louth),Louth,2024-12-01,0.7028,37908.0,0.2972,2024-12-01,1268.0,0.08,5.1,2024-12-01,20000.0,6.7,50.0,3.96,15.0,60.0,2500,village
LOU_carlingford,Carlingford,Louth,2024-12-01,0.7028,37908.0,0.2972,2024-12-01,1268.0,0.08,5.1,2024-12-01,20000.0,6.7,50.0,3.96,15.0,60.0,2500,village
LOU_clogherhead,Clogherhead,Louth,2024-12-01,0.6738,33696.0,0.3262,2024-12-01,1044.0,0.08,5.43,2024-12-01,12500.0,4.2,50.0,4.32,15.0,60.0,2500,rural
LOU_cooley,Cooley,Louth,2024-12-01,0.6738,33696.0,0.3262,2024-12-01,1044.0,0.08,5.43,2024-12-01,12500.0,4.2,50.0,4.32,15.0,60.0,2500,rural
LOU_drogheda_east_urban,Drogheda East Urban,Louth,2024-12-01,0.7607,50544.0,0.2393,2024-12-01,1939.0,0.08,4.09,2024-12-01,35000.0,11.7,50.0,3.06,15.0,60.0,2500,urban_core
LOU_drogheda_west_urban,Drogheda West Urban,Louth,2024-12-01,0.7607,50544.0,0.2393,2024-12-01,1939.0,0.08,4.09,2024-12-01,35000.0,11.7,50.0,3.06,15.0,60.0,2500,urban_core
LOU_dundalk_rural,Dundalk Rural,Louth,2024-12-01,0.739,46332.0,0.261,2024-12-01,1641.0,0.08,4.54,2024-12-01,30000.0,10.0,50.0,3.42,15.0,60.0,2500,suburban
LOU_dundalk_urban,Dundalk Urban,Louth,2024-12-01,0.7607,50544.0,0.2393,2024-12-01,1939.0,0.08,4.09,2024-12-01,35000.0,11.7,50.0,3.06,15.0,60.0,2500,urban_core
LOU_dunleer,Dunleer,Louth,2024-12-01,0.7028,37908.0,0.2972,2024-12-01,1268.0,0.08,5.1,2024-12-01,20000.0,6.7,50.0,3.96,15.0,60.0,2500,village
MAY_achill,Achill,Mayo,2024-12-01,0.6054,27648.0,0.3946,2024-12-01,653.0,0.08,6.02,2024-12-01,6000.0,2.0,50.0,5.16,15.0,60.0,3100,rural
MAY_ballina_urban,Ballina Urban,Mayo,2024-12-01,0.651,34560.0,0.349,2024-12-01,932.0,0.08,5.6,2024-12-01,12000.0,4.0,50.0,4.3,15.0,60.0,3100,town
MAY_ballinrobe,Ballinrobe,Mayo,2024-12-01,0.6315,31104.0,0.3685,2024-12-01,793.0,0.08,5.81,2024-12-01,9600.0,3.2,50.0,4.73,15.0,60.0,3100,village
MAY_belmullet,Belmullet,Mayo,2024-12-01,0.6315,31104.0,0.3685,2024-12-01,793.0,0.08,5.81,2024-12-01,9600.0,3.2,50.0,4.73,15.0,60.0,3100,village
MAY_castlebar_urban,Castlebar Urban,Mayo,2024-12-01,0.6836,41472.0,0.3164,2024-12-01,1212.0,0.08,5.18,2024-12-01,16800.0,5.6,50.0,3.65,15.0,60.0,3100,urban_core
MAY_claremorris,Claremorris,Mayo,2024-12-01,0.651,34560.0,0.349,2024-12-01,932.0,0.08,5.6,2024-12-01,12000.0,4.0,50.0,4.3,15.0,60.0,3100,town
MAY_knock,Knock,Mayo,2024-12-01,0.6315,31104.0,0.3685,2024-12-01,793.0,0.08,5.81,2024-12-01,9600.0,3.2,50.0,4.73,15.0,60.0,3100,village
MAY_louisburgh,Louisburgh,Mayo,2024-12-01,0.6054,27648.0,0.3946,2024-12-01,653.0,0.08,6.02,2024-12-01,6000.0,2.0,50.0,5.16,15.0,60.0,3100,rural
MAY_swinford,Swinford,Mayo,2024-12-01,0.6315,31104.0,0.3685,2024-12-01,793.0,0.08,5.81,2024-12-01,9600.0,3.2,50.0,4.73,15.0,60.0,3100,village
MAY_westport_urban,Westport Urban,Mayo,2024-12-01,0.6836,41472.0,0.3164,2024-12-01,1212.0,0.08,5.18,2024-12-01,16800.0,5.6,50.0,3.65,15.0,60.0,3100,urban_core
MEA_ashbourne,Ashbourne,Meath,2024-12-01,0.7818,54648.0,0.2182,2024-12-01,1778.0,0.08,4.33,2024-12-01,43200.0,14.4,50.0,3.13,15.0,60.0,2200,suburban
MEA_bettystown,Bettystown,Meath,2024-12-01,0.7818,54648.0,0.2182,2024-12-01,1778.0,0.08,4.33,2024-12-01,43200.0,14.4,50.0,3.13,15.0,60.0,2200,suburban
MEA_dunboyne,Dunboyne,Meath,2024-12-01,0.7818,54648.0,0.2182,2024-12-01,1778.0,0.08,4.33,2024-12-01,43200.0,14.4,50.0,3.13,15.0,60.0,2200,suburban
MEA_dunshaughlin,Dunshaughlin,Meath,2024-12-01,0.7665,49680.0,0.2335,2024-12-01,1616.0,0.08,4.57,2024-12-01,36000.0,12.0,50.0,3.3,15.0,60.0,2200,town
MEA_enfield,Enfield,Meath,2024-12-01,0.7435,44712.0,0.2565,2024-12-01,1374.0,0.08,4.94,2024-12-01,28800.0,9.6,50.0,3.63,15.0,60.0,2200,village
MEA_kells_urban,Kells Urban,Meath,2024-12-01,0.7665,49680.0,0.2335,2024-12-01,1616.0,0.08,4.57,2024-12-01,36000.0,12.0,50.0,3.3,15.0,60.0,2200,town
MEA_laytown,Laytown,Meath,2024-12-01,0.7665,49680.0,0.2335,2024-12-01,1616.0,0.08,4.57,2024-12-01,36000.0,12.0,50.0,3.3,15.0,60.0,2200,town
MEA_navan_urban,Navan Urban,Meath,2024-12-01,0.8048,59616.0,0.1952,2024-12-01,2101.0,0.08,3.85,2024-12-01,50400.0,16.8,50.0,2.8,15.0,60.0,2200,urban_core
MEA_ratoath,Ratoath,Meath,2024-12-01,0.7818,54648.0,0.2182,2024-12-01,1778.0,0.08,4.33,2024-12-01,43200.0,14.4,50.0,3.13,15.0,60.0,2200,suburban
MEA_trim_urban,Trim Urban,Meath,2024-12-01,0.7665,49680.0,0.2335,2024-12-01,1616.0,0.08,4.57,2024-12-01,36000.0,12.0,50.0,3.3,15.0,60.0,2200,town
MON_ballybay,Ballybay,Monaghan,2024-12-01,0.6315,31104.0,0.3685,2024-12-01,793.0,0.08,5.81,2024-12-01,8800.0,2.9,50.0,4.73,15.0,60.0,3100,village
MON_carrickmacross,Carrickmacross,Monaghan,2024-12-01,0.651,34560.0,0.349,2024-12-01,932.0,0.08,5.6,2024-12-01,11000.0,3.7,50.0,4.3,15.0,60.0,3100,town
MON_castleblayney,Castleblayney,Monaghan,2024-12-01,0.651,34560.0,0.349,2024-12-01,932.0,0.08,5.6,2024-12-01,11000.0,3.7,50.0,4.3,15.0,60.0,3100,town
MON_clones,Clones,Monaghan,2024-12-01,0.6315,31104.0,0.3685,2024-12-01,793.0,0.08,5.81,2024-12-01,8800.0,2.9,50.0,4.73,15.0,60.0,3100,village
MON_emyvale,Emyvale,Monaghan,2024-12-01,0.6054,27648.0,0.3946,2024-12-01,653.0,0.08,6.02,2024-12-01,5500.0,1.8,50.0,5.16,15.0,60.0,3100,rural
MON_glaslough,Glaslough,Monaghan,2024-12-01,0.6054,27648.0,0.3946,2024-12-01,653.0,0.08,6.02,2024-12-01,5500.0,1.8,50.0,5.16,15.0,60.0,3100,rural
MON_monaghan_urban,Monaghan Urban,Monaghan,2024-12-01,0.6836,41472.0,0.3164,2024-12-01,1212.0,0.08,5.18,2024-12-01,15400.0,5.1,50.0,3.65,15.0,60.0,3100,urban_core
MON_scotstown,Scotstown,Monaghan,2024-12-01,0.6054,27648.0,0.3946,2024-12-01,653.0,0.08,6.02,2024-12-01,5500.0,1.8,50.0,5.16,15.0,60.0,3100,rural
OFF_banagher,Banagher,Offaly,2024-12-01,0.6417,32076.0,0.3583,2024-12-01,845.0,0.08,5.73,2024-12-01,11200.0,3.7,50.0,4.62,15.0,60.0,3000,village
OFF_birr_urban,Birr Urban,Offaly,2024-12-01,0.6615,35640.0,0.3385,2024-12-01,995.0,0.08,5.51,2024-12-01,14000.0,4.7,50.0,4.2,15.0,60.0,3000,town
OFF_clara,Clara,Offaly,2024-12-01,0.6417,32076.0,0.3583,2024-12-01,845.0,0.08,5.73,2024-12-01,11200.0,3.7,50.0,4.62,15.0,60.0,3000,village
OFF_cloghan,Cloghan,Offaly,2024-12-01,0.6152,28512.0,0.3848,2024-12-01,696.0,0.08,5.95,2024-12-01,7000.0,2.3,50.0,5.04,15.0,60.0,3000,rural
OFF_edenderry,Edenderry,Offaly,2024-12-01,0.6615,35640.0,0.3385,2024-12-01,995.0,0.08,5.51,2024-12-01,14000.0,4.7,50.0,4.2,15.0,60.0,3000,town
OFF_ferbane,Ferbane,Offaly,2024-12-01,0.6417,32076.0,0.3583,2024-12-01,845.0,0.08,5.73,2024-12-01,11200.0,3.7,50.0,4.62,15.0,60.0,3000,village
OFF_kilcormac,Kilcormac,Offaly,2024-12-01,0.6152,28512.0,0.3848,2024-12-01,696.0,0.08,5.95,2024-12-01,7000.0,2.3,50.0,5.04,15.0,60.0,3000,rural
OFF_shinrone,Shinrone,Offaly,2024-12-01,0.6152,28512.0,0.3848,2024-12-01,696.0,0.08,5.95,2024-12-01,7000.0,2.3,50.0,5.04,15.0,60.0,3000,rural
OFF_tullamore_urban,Tullamore Urban,Offaly,2024-12-01,0.6946,42768.0,0.3054,2024-12-01,1293.0,0.08,5.06,2024-12-01,19600.0,6.5,50.0,3.57,15.0,60.0,3000,urban_core
ROS_athleague,Athleague,Roscommon,2024-12-01,0.6054,27648.0,0.3946,2024-12-01,609.0,0.08,6.09,2024-12-01,5500.0,1.8,50.0,5.28,15.0,60.0,3200,rural
ROS_ballaghaderreen,Ballaghaderreen,Roscommon,2024-12-01,0.6315,31104.0,0.3685,2024-12-01,740.0,0.08,5.89,2024-12-01,8800.0,2.9,50.0,4.84,15.0,60.0,3200,village
ROS_boyle_urban,Boyle Urban,Roscommon,2024-12-01,0.651,34560.0,0.349,2024-12-01,870.0,0.08,5.69,2024-12-01,11000.0,3.7,50.0,4.4,15.0,60.0,3200,town
ROS_castlerea,Castlerea,Roscommon,2024-12-01,0.651,34560.0,0.349,2024-12-01,870.0,0.08,5.69,2024-12-01,11000.0,3.7,50.0,4.4,15.0,60.0,3200,town
ROS_elphin,Elphin,Roscommon,2024-12-01,0.6054,27648.0,0.3946,2024-12-01,609.0,0.08,6.09,2024-12-01,5500.0,1.8,50.0,5.28,15.0,60.0,3200,rural
ROS_frenchpark,Frenchpark,Roscommon,2024-12-01,0.6054,27648.0,0.3946,2024-12-01,609.0,0.08,6.09,2024-12-01,5500.0,1.8,50.0,5.28,15.0,60.0,3200,rural
ROS_roscommon_urban,Roscommon Urban,Roscommon,2024-12-01,0.6836,41472.0,0.3164,2024-12-01,1131.0,0.08,5.3,2024-12-01,15400.0,5.1,50.0,3.74,15.0,60.0,3200,urban_core
ROS_strokestown,Strokestown,Roscommon,2024-12-01,0.6315,31104.0,0.3685,2024-12-01,740.0,0.08,5.89,2024-12-01,8800.0,2.9,50.0,4.84,15.0,60.0,3200,village
SLI_ballymote,Ballymote,Sligo,2024-12-01,0.6417,32076.0,0.3583,2024-12-01,845.0,0.08,5.73,2024-12-01,10400.0,3.5,50.0,4.62,15.0,60.0,3000,village
SLI_collooney,Collooney,Sligo,2024-12-01,0.6417,32076.0,0.3583,2024-12-01,845.0,0.08,5.73,2024-12-01,10400.0,3.5,50.0,4.62,15.0,60.0,3000,village
SLI_easkey,Easkey,Sligo,2024-12-01,0.6152,28512.0,0.3848,2024-12-01,696.0,0.08,5.95,2024-12-01,6500.0,2.2,50.0,5.04,15.0,60.0,3000,rural
SLI_enniscrone,Enniscrone,Sligo,2024-12-01,0.6152,28512.0,0.3848,2024-12-01,696.0,0.08,5.95,2024-12-01,6500.0,2.2,50.0,5.04,15.0,60.0,3000,rural
SLI_rosses_point,Rosses Point,Sligo,2024-12-01,0.6747,39204.0,0.3253,2024-12-01,1094.0,0.08,5.36,2024-12-01,15600.0,5.2,50.0,3.99,15.0,60.0,3000,suburban
SLI_sligo_east,Sligo East,Sligo,2024-12-01,0.6946,42768.0,0.3054,2024-12-01,1293.0,0.08,5.06,2024-12-01,18200.0,6.1,50.0,3.57,15.0,60.0,3000,urban_core
SLI_sligo_west,Sligo West,Sligo,2024-12-01,0.6946,42768.0,0.3054,2024-12-01,1293.0,0.08,5.06,2024-12-01,18200.0,6.1,50.0,3.57,15.0,60.0,3000,urban_core
SLI_strandhill,Strandhill,Sligo,2024-12-01,0.6747,39204.0,0.3253,2024-12-01,1094.0,0.08,5.36,2024-12-01,15600.0,5.2,50.0,3.99,15.0,60.0,3000,suburban
SLI_tubbercurry,Tubbercurry,Sligo,2024-12-01,0.6417,32076.0,0.3583,2024-12-01,845.0,0.08,5.73,2024-12-01,10400.0,3.5,50.0,4.62,15.0,60.0,3000,village
TIP_cahir,Cahir,Tipperary,2024-12-01,0.6722,34020.0,0.3278,2024-12-01,951.0,0.08,5.57,2024-12-01,15200.0,5.1,50.0,4.51,15.0,60.0,2900,village
TIP_carrick_on_suir_urban,Carrick-on-Suir Urban,Tipperary,2024-12-01,0.693,37800.0,0.307,2024-12-01,1119.0,0.08,5.32,2024-12-01,19000.0,6.3,50.0,4.1,15.0,60.0,2900,town
TIP_cashel_urban,Cashel Urban,Tipperary,2024-12-01,0.693,37800.0,0.307,2024-12-01,1119.0,0.08,5.32,2024-12-01,19000.0,6.3,50.0,4.1,15.0,60.0,2900,town
TIP_clonmel_east_urban,Clonmel East Urban,Tipperary,2024-12-01,0.7277,45360.0,0.2723,2024-12-01,1455.0,0.08,4.82,2024-12-01,26600.0,8.9,50.0,3.48,15.0,60.0,2900,urban_core
TIP_clonmel_west_urban,Clonmel West Urban,Tipperary,2024-12-01,0.7277,45360.0,0.2723,2024-12-01,1455.0,0.08,4.82,2024-12-01,26600.0,8.9,50.0,3.48,15.0,60.0,2900,urban_core
TIP_nenagh_urban,Nenagh Urban,Tipperary,2024-12-01,0.693,37800.0,0.307,2024-12-01,1119.0,0.08,5.32,2024-12-01,19000.0,6.3,50.0,4.1,15.0,60.0,2900,town
TIP_roscrea,Roscrea,Tipperary,2024-12-01,0.693,37800.0,0.307,2024-12-01,1119.0,0.08,5.32,2024-12-01,19000.0,6.3,50.0,4.1,15.0,60.0,2900,town
TIP_templemore,Templemore,Tipperary,2024-12-01,0.6445,30240.0,0.3555,2024-12-01,783.0,0.08,5.82,2024-12-01,9500.0,3.2,50.0,4.92,15.0,60.0,2900,rural
TIP_thurles_urban,Thurles Urban,Tipperary,2024-12-01,0.693,37800.0,0.307,2024-12-01,1119.0,0.08,5.32,2024-12-01,19000.0,6.3,50.0,4.1,15.0,60.0,2900,town
TIP_tipperary_urban,Tipperary Urban,Tipperary,2024-12-01,0.6722,34020.0,0.3278,2024-12-01,951.0,0.08,5.57,2024-12-01,15200.0,5.1,50.0,4.51,15.0,60.0,2900,village
WAT_ardmore,Ardmore,Waterford,2024-12-01,0.664,32832.0,0.336,2024-12-01,957.0,0.08,5.56,2024-12-01,11000.0,3.7,50.0,4.56,15.0,60.0,2600,rural
WAT_cappoquin,Cappoquin,Waterford,2024-12-01,0.6926,36936.0,0.3074,2024-12-01,1162.0,0.08,5.25,2024-12-01,17600.0,5.9,50.0,4.18,15.0,60.0,2600,village
WAT_dungarvan_urban,Dungarvan Urban,Waterford,2024-12-01,0.714,41040.0,0.286,2024-12-01,1368.0,0.08,4.95,2024-12-01,22000.0,7.3,50.0,3.8,15.0,60.0,2600,town
WAT_dunmore_east,Dunmore East,Waterford,2024-12-01,0.7283,45144.0,0.2717,2024-12-01,1504.0,0.08,4.74,2024-12-01,26400.0,8.8,50.0,3.61,15.0,60.0,2600,suburban
WAT_kilmacthomas,Kilmacthomas,Waterford,2024-12-01,0.664,32832.0,0.336,2024-12-01,957.0,0.08,5.56,2024-12-01,11000.0,3.7,50.0,4.56,15.0,60.0,2600,rural
WAT_lismore,Lismore,Waterford,2024-12-01,0.6926,36936.0,0.3074,2024-12-01,1162.0,0.08,5.25,2024-12-01,17600.0,5.9,50.0,4.18,15.0,60.0,2600,village
WAT_portlaw,Portlaw,Waterford,2024-12-01,0.664,32832.0,0.336,2024-12-01,957.0,0.08,5.56,2024-12-01,11000.0,3.7,50.0,4.56,15.0,60.0,2600,rural
WAT_tramore_urban,Tramore Urban,Waterford,2024-12-01,0.7283,45144.0,0.2717,2024-12-01,1504.0,0.08,4.74,2024-12-01,26400.0,8.8,50.0,3.61,15.0,60.0,2600,suburban
WAT_waterford_city_centre,Waterford City Centre,Waterford,2024-12-01,0.7497,49248.0,0.2503,2024-12-01,1778.0,0.08,4.33,2024-12-01,30800.0,10.3,50.0,3.23,15.0,60.0,2600,urban_core
WAT_waterford_city_south,Waterford City South,Waterford,2024-12-01,0.7497,49248.0,0.2503,2024-12-01,1778.0,0.08,4.33,2024-12-01,30800.0,10.3,50.0,3.23,15.0,60.0,2600,urban_core
WES_athlone_east_urban,Athlone East Urban,Westmeath,2024-12-01,0.7277,45360.0,0.2723,2024-12-01,1455.0,0.08,4.82,2024-12-01,22400.0,7.5,50.0,3.4,15.0,60.0,2800,urban_core
WES_athlone_west_urban,Athlone West Urban,Westmeath,2024-12-01,0.7277,45360.0,0.2723,2024-12-01,1455.0,0.08,4.82,2024-12-01,22400.0,7.5,50.0,3.4,15.0,60.0,2800,urban_core
WES_castlepollard,Castlepollard,Westmeath,2024-12-01,0.6445,30240.0,0.3555,2024-12-01,783.0,0.08,5.82,2024-12-01,8000.0,2.7,50.0,4.8,15.0,60.0,2800,rural
WES_fore,Fore,Westmeath,2024-12-01,0.6445,30240.0,0.3555,2024-12-01,783.0,0.08,5.82,2024-12-01,8000.0,2.7,50.0,4.8,15.0,60.0,2800,rural
WES_kilbeggan,Kilbeggan,Westmeath,2024-12-01,0.6722,34020.0,0.3278,2024-12-01,951.0,0.08,5.57,2024-12-01,12800.0,4.3,50.0,4.4,15.0,60.0,2800,village
WES_kinnegad,Kinnegad,Westmeath,2024-12-01,0.6722,34020.0,0.3278,2024-12-01,951.0,0.08,5.57,2024-12-01,12800.0,4.3,50.0,4.4,15.0,60.0,2800,village
WES_moate,Moate,Westmeath,2024-12-01,0.693,37800.0,0.307,2024-12-01,1119.0,0.08,5.32,2024-12-01,16000.0,5.3,50.0,4.0,15.0,60.0,2800,town
WES_mullingar_north,Mullingar North,Westmeath,2024-12-01,0.7069,41580.0,0.2931,2024-12-01,1231.0,0.08,5.15,2024-12-01,19200.0,6.4,50.0,3.8,15.0,60.0,2800,suburban
WES_mullingar_south,Mullingar South,Westmeath,2024-12-01,0.7069,41580.0,0.2931,2024-12-01,1231.0,0.08,5.15,2024-12-01,19200.0,6.4,50.0,3.8,15.0,60.0,2800,suburban
WEX_bunclody,Bunclody,Wexford,2024-12-01,0.662,34020.0,0.338,2024-12-01,1057.0,0.08,5.41,2024-12-01,14400.0,4.8,50.0,4.4,15.0,60.0,2800,village
WEX_courtown,Courtown,Wexford,2024-12-01,0.6347,30240.0,0.3653,2024-12-01,870.0,0.08,5.69,2024-12-01,9000.0,3.0,50.0,4.8,15.0,60.0,2800,rural
WEX_enniscorthy_urban,Enniscorthy Urban,Wexford,2024-12-01,0.6825,37800.0,0.3175,2024-12-01,1243.0,0.08,5.13,2024-12-01,18000.0,6.0,50.0,4.0,15.0,60.0,2800,town
WEX_ferns,Ferns,Wexford,2024-12-01,0.662,34020.0,0.338,2024-12-01,1057.0,0.08,5.41,2024-12-01,14400.0,4.8,50.0,4.4,15.0,60.0,2800,village
WEX_gorey,Gorey,Wexford,2024-12-01,0.6825,37800.0,0.3175,2024-12-01,1243.0,0.08,5.13,2024-12-01,18000.0,6.0,50.0,4.0,15.0,60.0,2800,town
WEX_kilmore_quay,Kilmore Quay,Wexford,2024-12-01,0.6347,30240.0,0.3653,2024-12-01,870.0,0.08,5.69,2024-12-01,9000.0,3.0,50.0,4.8,15.0,60.0,2800,rural
WEX_new_ross_urban,New Ross Urban,Wexford,2024-12-01,0.6825,37800.0,0.3175,2024-12-01,1243.0,0.08,5.13,2024-12-01,18000.0,6.0,50.0,4.0,15.0,60.0,2800,town
WEX_rosslare,Rosslare,Wexford,2024-12-01,0.662,34020.0,0.338,2024-12-01,1057.0,0.08,5.41,2024-12-01,14400.0,4.8,50.0,4.4,15.0,60.0,2800,village
WEX_wexford_rural,Wexford Rural,Wexford,2024-12-01,0.6962,41580.0,0.3038,2024-12-01,1368.0,0.08,4.95,2024-12-01,21600.0,7.2,50.0,3.8,15.0,60.0,2800,suburban
WEX_wexford_urban,Wexford Urban,Wexford,2024-12-01,0.7166,45360.0,0.2834,2024-12-01,1616.0,0.08,4.57,2024-12-01,25200.0,8.4,50.0,3.4,15.0,60.0,2800,urban_core
WIC_arklow_urban,Arklow Urban,Wicklow,2024-12-01,0.7665,51840.0,0.2335,2024-12-01,1740.0,0.08,4.39,2024-12-01,35000.0,11.7,50.0,3.3,15.0,60.0,2200,town
WIC_aughrim,Aughrim,Wicklow,2024-12-01,0.7435,46656.0,0.2565,2024-12-01,1479.0,0.08,4.78,2024-12-01,28000.0,9.3,50.0,3.63,15.0,60.0,2200,village
WIC_baltinglass,Baltinglass,Wicklow,2024-12-01,0.7435,46656.0,0.2565,2024-12-01,1479.0,0.08,4.78,2024-12-01,28000.0,9.3,50.0,3.63,15.0,60.0,2200,village
WIC_blessington,Blessington,Wicklow,2024-12-01,0.7665,51840.0,0.2335,2024-12-01,1740.0,0.08,4.39,2024-12-01,35000.0,11.7,50.0,3.3,15.0,60.0,2200,town
WIC_bray_no_1,Bray No. 1,Wicklow,2024-12-01,0.8048,62208.0,0.1952,2024-12-01,2263.0,0.08,3.6,2024-12-01,49000.0,16.3,50.0,2.8,15.0,60.0,2200,urban_core
WIC_bray_no_2,Bray No. 2,Wicklow,2024-12-01,0.8048,62208.0,0.1952,2024-12-01,2263.0,0.08,3.6,2024-12-01,49000.0,16.3,50.0,2.8,15.0,60.0,2200,urban_core
WIC_greystones,Greystones,Wicklow,2024-12-01,0.7818,57024.0,0.2182,2024-12-01,1915.0,0.08,4.13,2024-12-01,42000.0,14.0,50.0,3.13,15.0,60.0,2200,suburban
WIC_rathnew,Rathnew,Wicklow,2024-12-01,0.7818,57024.0,0.2182,2024-12-01,1915.0,0.08,4.13,2024-12-01,42000.0,14.0,50.0,3.13,15.0,60.0,2200,suburban
WIC_roundwood,Roundwood,Wicklow,2024-12-01,0.7128,41472.0,0.2872,2024-12-01,1218.0,0.08,5.17,2024-12-01,17500.0,5.8,50.0,3.96,15.0,60.0,2200,rural
WIC_wicklow_urban,Wicklow Urban,Wicklow,2024-12-01,0.7665,51840.0,0.2335,2024-12-01,1740.0,0.08,4.39,2024-12-01,35000.0,11.7,50.0,3.3,15.0,60.0,2200,town
